kind	type	fields_in_canonical_order
0x0001	ProtocolBundleV1	protocol_version:u16,fork_id:Hash,intent_codec_id:Hash,finalized_intent_proof_codec_id:Hash,tribute_body_codec_id:Hash,fidelity_opening_codec_id:Hash,oracle_opening_codec_id:Hash,result_codec_id:Hash,action_codec_id:Hash,activation_codec_id:Hash,evidence_codec_id:Hash,request_semantics_version:u16,lysis_program_semantics_hash:Hash,planner_spec_version:u16,reducer_spec_version:u16,activation_apply_semantics_hash:Hash,effect_contract_registry_hash:Hash,object_codec_registry_hash:Hash,correctness_profile_id:Hash,capacity_profile_id:Hash,result_signature_profile_id:Hash,finality_verifier_and_vote_domain_id:Hash,consensus_committee_history_schema_version:u16,ocomp_committee_schema_version:u16,proof_system_and_verifier_key_id:Option<Hash>,da_codec_and_binding_verifier_id:Option<Hash>,anti_equivocation_journal_schema_hash:Hash,mode_pause_revocation_semantics_hash:Hash,upgrade_fsm_semantics_hash:Hash,release_requirement_catalog_sequence:u64,release_requirement_catalog_hash:Hash,release_requirement_catalog_parent_hash:Hash,release_gate_authority_envelope_hash:Hash,release_approval_policy_hash:Hash,release_validator_command_artifact_hash:Hash,consensus_state_schema_version:u16,migration_manifest_hash:Hash,required_upgrade_handler_set_hash:Hash
0x0002	CorrectnessProfileV1	profile_id:Hash,program:u8,arithmetic_profile_id:Hash,object_codec_registry_hash:Hash,list_root_scheme_id:Hash,result_signature_profile_id:Hash,finality_verifier_profile_id:Hash
0x0003	CapacityProfileV1	profile_id:Hash,max_tributes_per_work_shard:u32,max_workers_per_domain:u8,max_intents_per_block:u8,max_activations_per_block:u8,max_ready_inspections_per_block:u8,max_expirations_per_block:u8,ready_backoff_blocks:u64,max_reference_currencies:u16,max_fidelity_cohorts_per_owner:u16,max_oracle_wwd_pair_entries:u32,max_active_scurve_entries:u32,result_deadline_blocks:u64,source_retention_after_terminal_blocks:u64,generated_limits_manifest_hash:Hash
0x0004	PreAdmissionEnvelopeV1	chain_id:u64,genesis_hash:Hash,fork_id:Hash,wwd:u32,sealed_tribute_collection_root:Hash,sealed_tribute_count:u32,sealed_tribute_canonical_body_bytes:u64,distinct_owner_count:u32,distinct_reference_currency_count:u16,fidelity_league_snapshot_root:Hash,oracle_wwd_pair_entries_observed:u32,active_scurve_entries_observed:u32,auction_entry_prices:Vec<ReferenceEntryPriceV1>,oracle_state_version:u64,fidelity_opening_upper_bound:u32,oracle_opening_upper_bound:u32,input_encoded_bytes_upper_bound:u64,output_record_upper_bound:u32,result_chunk_bytes_upper_bound:u64,activation_bytes_upper_bound:u64,retained_bytes_upper_bound:u64,correctness_profile_id:Hash,capacity_profile_id:Hash
0x0005	ActivationPreconditionsV1	tribute:TributeInputBindingV1,nod:NodTargetPreconditionV1,contributors:ContributorTargetPreconditionV1,metadosis:MetadosisAttemptPreconditionV1
0x0006	JobIntentV1	chain_id:u64,genesis_hash:Hash,fork_id:Hash,wwd:u32,pending_nonce:u64,attempt:u32,protocol_bundle_hash:Hash,ce_sealed_root:Hash,sealed_tribute_collection_key:Hash,sealed_tribute_collection_root:Hash,authenticated_day_count:u32,authenticated_day_nominal:U256,pre_admission_envelope_hash:Hash,source_availability_policy_id:Hash,frozen_metadosis_values:FrozenMetadosisValuesV1,logical_evaluation_height:u64,logical_evaluation_time:u64,activation_preconditions:ActivationPreconditionsV1,result_validator_set_epoch:u64,result_committee_set_hash:Hash,result_ocomp_binding_hash:Hash,result_member_count:u16,result_quorum_threshold:u16,custody_committee_epoch_hash:Option<Hash>
0x0007	FinalizedIntentProofV1	chain_id:u64,genesis_hash:Hash,fork_id:Hash,protocol_bundle_hash:Hash,canonical_request_header_rlp:bounded,parent_accounting:CertifiedParentAccountingMetadataV2,historical_committee_membership_proof:bounded,canonical_job_intent:bounded,intent_account_proof:bounded,intent_storage_proof:bounded
0x0008	InputManifestV1	protocol_bundle_hash:Hash,JobId:Hash,attempt:u32,checkpoint:CheckpointIdentityV1,wwd:u32,sealed_tribute_collection_key:Hash,sealed_tribute_collection_root:Hash,tribute_count:u32,tribute_nominal_total:U256,input_chunk_count:u32,input_chunk_list_root:Hash,fidelity_opening_root:Hash,oracle_opening_root:Hash,exact_encoded_bytes:u64,exact_record_count:u32,body_codec_id:Hash,opening_codec_registry_hash:Hash,compression:u8
0x0009	AuthenticatedInputChunkV1	protocol_bundle_hash:Hash,JobId:Hash,kind:u8,ordinal:u32,canonical_records_or_openings:Vec<bounded>
0x000a	UnitSpecV1	protocol_bundle_hash:Hash,JobId:Hash,attempt:u32,phase:u8,interval:UnitInterval,canonical_ordered_inputs:Vec<CanonicalInputRefV1>,lysis_program_semantics_hash:Hash,planner_spec_version:u16,reducer_spec_version:u16
0x000b	UnitArtifactV1	protocol_bundle_hash:Hash,JobId:Hash,attempt:u32,UnitId:Hash,phase:u8,interval_commitment:Hash,input_root:Hash,output_record_count:u32,canonical_output_bytes:bounded,output_semantic_digest:Hash,coverage_or_permutation_commitment:Hash
0x000c	ResultChunkV1	protocol_bundle_hash:Hash,JobId:Hash,attempt:u32,chunk_ordinal:u32,first_nod_ordinal:u32,ordered_nod_actions:Vec<NodActionV1>,ordered_eligible_contributors:Vec<ContributorActionV1>
0x000d	LysisResultV1	protocol_bundle_hash:Hash,JobId:Hash,attempt:u32,input_manifest_hash:Hash,PlanHash:Hash,unit_artifact_root:Hash,fidelity_fraction_root:Hash,gratis_prefix_root:Hash,result_chunk_count:u32,result_chunk_list_root:Hash,carry_over_credit:CarryOverCreditActionV1,metadosis_completion_summary:MetadosisCompletionSummaryV1,tribute_count:u32,tribute_nominal_total:U256,unused_lysis:U256,roots:ResultRootsV1,counts:ExactCountsV1,conservation:ConservationTotalsV1,arithmetic_commitment:Hash,event_summary_hash:Hash
0x000e	ActivationPayloadV1	protocol_bundle_hash:Hash,JobId:Hash,attempt:u32,result_chunk_count:u32,result_chunk_list_root:Hash,roots:ResultRootsV1,counts:ExactCountsV1,conservation:ConservationTotalsV1,arithmetic_commitment:Hash,event_summary_hash:Hash
0x0010	OcompKeyRegistrationV1	core:OcompKeyRegistrationCoreV1,proof_of_possession:[u8;64]
0x0013	ActiveGenerationV1	JobId:Hash,program_semantics_hash:Hash,nod_root:Hash,bucket_root:Hash,contributor_root:Hash,output_manifest_root:Hash,exact_counts:ExactCountsV1,result_evidence_hash:Hash,availability_certificate_hash:Option<Hash>
0x0014	AggregateActivationReceiptV1	binding:EffectBindingV1,outcome:u8,nod_receipt_hash:Option<Hash>,contributor_receipt_hash:Option<Hash>,tribute_receipt_hash:Option<Hash>,carry_over_receipt_hash:Option<Hash>,request_budget_split_receipt_hash:Hash,active_generation_hash:Option<Hash>,effect_commitment:Hash,event_summary_hash:Hash,activated_at_height:u64,activated_at_time:u64
0x0015	NodBatchReceiptV1	binding:EffectBindingV1,nod_target_precondition:NodTargetPreconditionV1,nod_count:u32,nod_root:Hash,nod_amount_total:U256,nod_gratis_consumed:U256,issued_at:u64,state_event_digest:Hash
0x0016	ContributorReceiptV1	binding:EffectBindingV1,contributor_target_precondition:ContributorTargetPreconditionV1,contributor_count:u32,contributor_root:Hash,eligible_nominal_total:U256,state_event_digest:Hash
0x0017	TributeReceiptV1	binding:EffectBindingV1,tribute_input_binding:TributeInputBindingV1,sealed_collection_root:Hash,consumed_count:u32,consumed_nominal_total:U256,retired_generation:u64,state_event_digest:Hash
0x0018	RequestBudgetSplitReceiptV1	protocol_bundle_hash:Hash,wwd:u32,pending_nonce:u64,day_type:u8,day_limit:U256,lysis_budget:U256,auction_base:U256,destination:u8,desis_brief_hash:Option<Hash>,carry_over_credit:U256,auction_entry_prices:Vec<ReferenceEntryPriceV1>,logical_anchor:u64
0x0019	CarryOverReceiptV1	binding:EffectBindingV1,source_wwd:u32,before_value:U256,credited_unused_lysis:U256,after_value:U256,state_event_digest:Hash
0x001b	SignOnceRecordV1	chain_id:u64,genesis_hash:Hash,fork_id:Hash,purpose:u8,JobId:Hash,attempt:u32,protocol_bundle_hash:Hash,result_validator_set_epoch:u64,result_committee_set_hash:Hash,result_ocomp_binding_hash:Hash,ocomp_key_hash:Hash,key_epoch:u64,ResultDigest:Hash,signature_rs:[u8;64]
0x001c	ActivationCallCoreV1	IntentId:Hash,JobId:Hash,attempt:u32,protocol_bundle_hash:Hash,ResultDigest:Hash,activation_preconditions_hash:Hash,terminal_pending_nonce:u64
0x001d	LysisArithmeticSummaryV1	input_manifest_hash:Hash,PlanHash:Hash,unit_artifact_root:Hash,fidelity_fraction_root:Hash,gratis_prefix_root:Hash,roots:ResultRootsV1,counts:ExactCountsV1,conservation:ConservationTotalsV1,first_error_ordinal:Option<u32>
0x001e	OcompJobRecordV1	intent:JobIntentV1,intent_height:u64,status:u8,finalized:Option<OcompFinalizedJobV1>,terminal:Option<LysisTerminalV1>
0x001f	ShuffleRunArtifactV1	protocol_bundle_hash:Hash,JobId:Hash,attempt:u32,UnitId:Hash,kind:u8,run_span:CanonicalRunSpan,page_span:ShufflePageSpanV1,first_record_ordinal:u32,record_count:u32,source_coverage_root:Hash,source_coverage_count:u32,ordered_record_root:Hash,payload:ShuffleRunPayloadV1
0x0020	ResultVoteV1	protocol_bundle_hash:Hash,JobId:Hash,attempt:u32,result_validator_set_epoch:u64,result_committee_set_hash:Hash,result_ocomp_binding_hash:Hash,ocomp_key_hash:Hash,key_epoch:u64,ResultDigest:Hash,signature_rs:[u8;64]
0x0021	EquivocationEvidenceV1	conflicting_ResultDigest:Hash,conflicting_key_epoch:u64,conflicting_signature_rs:[u8;64],submitted_height:u64
0x0022	ResultVoteSlotV1	validator_index:u16,first_ResultDigest:Hash,key_epoch:u64,first_signature_rs:[u8;64],submitted_height:u64,equivocation:Option<EquivocationEvidenceV1>
0x0023	OcompQuorumV1	member_count:u16,quorum_threshold:u16,ResultDigest:Hash,quorum_height:u64,signer_bitmap:Vec<u8>,evidence_hash:Hash
0x0024	OcompAccountabilitySummaryV1	closed_height:u64,result_validator_set_epoch:u64,result_committee_set_hash:Hash,result_ocomp_binding_hash:Hash,member_count:u16,quorum_threshold:u16,winning_ResultDigest:Option<Hash>,quorum_evidence_hash:Option<Hash>,timely_bitmap:Vec<u8>,matching_bitmap:Vec<u8>,divergent_bitmap:Vec<u8>,missing_bitmap:Vec<u8>,equivocation_bitmap:Vec<u8>
0x0025	OcompVoteAccountabilityV1	JobId:Hash,result_validator_set_epoch:u64,result_committee_set_hash:Hash,result_ocomp_binding_hash:Hash,member_count:u16,quorum_threshold:u16,slots:Vec<Option<ResultVoteSlotV1>>,quorum:Option<OcompQuorumV1>,closed_summary:Option<OcompAccountabilitySummaryV1>
0x0026	LysisTerminalV1	outcome:u8,terminal_height:u64,terminal_time:u64,completed_binding:Option<OcompCompletedBindingV1>
0x0027	NodMaterializationBatchV1	queue_sequence:u64,first_nod_ordinal:u32,actions:Vec<NodActionV1>,root_path:Vec<Hash>
0x0028	NodMaterializationHeadV1	queue_sequence:u64,JobId:Hash,program_semantics_hash:Hash,wwd:u32,generation:u64,nod_root:Hash,nod_count:u32,next_nod_ordinal:u32,last_progress_height:u64
